Fecha,TMAX,TMIN,Prec,TMEDIA,TMAX_Media_Ens,TMIN_Media_Ens,TMEDIA_Media_Ens,Prec_Media_Ens,TMAX_P10,TMAX_P50,TMAX_P90,TMIN_P10,TMIN_P50,TMIN_P90,TMEDIA_P10,TMEDIA_P50,TMEDIA_P90,Prec_P10,Prec_P50,Prec_P90,Prob_Prec_ge_1mm,Prob_Prec_ge_5mm,Prob_Prec_ge_10mm,Prob_Prec_ge_30mm,GD_Tb2,Fuente,TipoDato,CalidadDato,N_miembros,Latitud_grilla,Longitud_grilla,Elevacion_grilla_m,Emision_UTC
2026-01-05,31.700,12.300,0.250,22.315,,,,,,,,,,,,,,,,,,,,,20.315,SIGA_INTA_PERGAMINO,Observado,Observado_estacion,,,,,2026-10-10T15:55:32+00:00
2026-01-07,30.600,18.500,0.000,23.663,,,,,,,,,,,,,,,,,,,,,21.663,SIGA_INTA_PERGAMINO,Observado,Observado_estacion,,,,,2026-10-10T15:55:32+00:00
2026-01-08,26.100,11.600,0.000,19.663,,,,,,,,,,,,,,,,,,,,,17.663,SIGA_INTA_PERGAMINO,Observado,Observado_estacion,,,,,2026-10-10T15:55:32+00:00
2026-01-09,29.000,15.500,6.750,21.335,,,,,,,,,,,,,,,,,,,,,19.335,SIGA_INTA_PERGAMINO,Observado,Observado_estacion,,,,,2026-10-10T15:55:32+00:00
2026-01-10,29.200,16.100,0.000,21.797,,,,,,,,,,,,,,,,,,,,,19.797,SIGA_INTA_PERGAMINO,Observado,Observado_estacion,,,,,2026-10-10T15:55:32+00:00
2026-01-11,36.900,15.400,0.000,25.619,,,,,,,,,,,,,,,,,,,,,23.619,SIGA_INTA_PERGAMINO,Observado,Observado_estacion,,,,,2026-10-10T15:55:32+00:00
2026-01-12,38.000,18.800,0.000,28.695,,,,,,,,,,,,,,,,,,,,,26.695,SIGA_INTA_PERGAMINO,Observado,Observado_estacion,,,,,2026-10-10T15:55:32+00:00
2026-01-13,33.800,20.500,0.000,27.084,,,,,,,,,,,,,,,,,,,,,25.084,SIGA_INTA_PERGAMINO,Observado,Observado_estacion,,,,,2026-10-10T15:55:32+00:00
2026-01-14,36.900,20.400,7.500,26.333,,,,,,,,,,,,,,,,,,,,,24.333,SIGA_INTA_PERGAMINO,Observado,Observado_estacion,,,,,2026-10-10T15:55:32+00:00
2026-01-15,29.100,19.700,0.750,23.829,,,,,,,,,,,,,,,,,,,,,21.829,SIGA_INTA_PERGAMINO,Observado,Observado_estacion,,,,,2026-10-10T15:55:32+00:00
2026-01-16,32.100,19.000,0.000,24.145,,,,,,,,,,,,,,,,,,,,,22.145,SIGA_INTA_PERGAMINO,Observado,Observado_estacion,,,,,2026-10-10T15:55:32+00:00
2026-01-17,36.500,17.400,0.250,26.953,,,,,,,,,,,,,,,,,,,,,24.953,SIGA_INTA_PERGAMINO,Observado,Observado_estacion,,,,,2026-10-10T15:55:32+00:00
2026-01-18,28.600,16.800,0.000,23.037,,,,,,,,,,,,,,,,,,,,,21.037,SIGA_INTA_PERGAMINO,Observado,Observado_estacion,,,,,2026-10-10T15:55:32+00:00
2026-01-19,27.800,10.600,0.000,19.517,,,,,,,,,,,,,,,,,,,,,17.517,SIGA_INTA_PERGAMINO,Observado,Observado_estacion,,,,,2026-10-10T15:55:32+00:00
2026-01-20,31.300,13.900,0.000,22.224,,,,,,,,,,,,,,,,,,,,,20.224,SIGA_INTA_PERGAMINO,Observado,Observado_estacion,,,,,2026-10-10T15:55:32+00:00
2026-01-21,32.500,15.100,0.000,23.908,,,,,,,,,,,,,,,,,,,,,21.908,SIGA_INTA_PERGAMINO,Observado,Observado_estacion,,,,,2026-10-10T15:55:32+00:00
2026-01-22,33.100,15.500,0.000,24.851,,,,,,,,,,,,,,,,,,,,,22.851,SIGA_INTA_PERGAMINO,Observado,Observado_estacion,,,,,2026-10-10T15:55:32+00:00
2026-01-23,36.500,17.800,0.000,27.163,,,,,,,,,,,,,,,,,,,,,25.163,SIGA_INTA_PERGAMINO,Observado,Observado_estacion,,,,,2026-10-10T15:55:32+00:00
2026-01-24,36.900,20.900,0.000,27.715,,,,,,,,,,,,,,,,,,,,,25.715,SIGA_INTA_PERGAMINO,Observado,Observado_estacion,,,,,2026-10-10T15:55:32+00:00
2026-01-25,37.000,20.200,0.000,28.738,,,,,,,,,,,,,,,,,,,,,26.738,SIGA_INTA_PERGAMINO,Observado,Observado_estacion,,,,,2026-10-10T15:55:32+00:00
2026-01-26,30.200,20.500,0.000,24.741,,,,,,,,,,,,,,,,,,,,,22.741,SIGA_INTA_PERGAMINO,Observado,Observado_estacion,,,,,2026-10-10T15:55:32+00:00
2026-01-27,35.300,19.100,0.000,26.044,,,,,,,,,,,,,,,,,,,,,24.044,SIGA_INTA_PERGAMINO,Observado,Observado_estacion,,,,,2026-10-10T15:55:32+00:00
2026-01-28,34.700,20.100,0.000,27.382,,,,,,,,,,,,,,,,,,,,,25.382,SIGA_INTA_PERGAMINO,Observado,Observado_estacion,,,,,2026-10-10T15:55:32+00:00
2026-01-29,34.000,16.700,0.000,25.446,,,,,,,,,,,,,,,,,,,,,23.446,SIGA_INTA_PERGAMINO,Observado,Observado_estacion,,,,,2026-10-10T15:55:32+00:00
2026-01-30,35.800,16.300,0.000,26.198,,,,,,,,,,,,,,,,,,,,,24.198,SIGA_INTA_PERGAMINO,Observado,Observado_estacion,,,,,2026-10-10T15:55:32+00:00
2026-01-31,34.400,19.900,0.000,26.708,,,,,,,,,,,,,,,,,,,,,24.708,SIGA_INTA_PERGAMINO,Observado,Observado_estacion,,,,,2026-10-10T15:55:32+00:00
2026-02-01,34.800,16.800,0.000,26.117,,,,,,,,,,,,,,,,,,,,,24.117,SIGA_INTA_PERGAMINO,Observado,Observado_estacion,,,,,2026-10-10T15:55:32+00:00
2026-02-02,37.200,19.200,0.000,28.059,,,,,,,,,,,,,,,,,,,,,26.059,SIGA_INTA_PERGAMINO,Observado,Observado_estacion,,,,,2026-10-10T15:55:32+00:00
2026-02-03,39.000,19.700,0.000,27.864,,,,,,,,,,,,,,,,,,,,,25.864,SIGA_INTA_PERGAMINO,Observado,Observado_estacion,,,,,2026-10-10T15:55:32+00:00
2026-02-04,26.800,17.800,26.750,22.680,,,,,,,,,,,,,,,,,,,,,20.680,SIGA_INTA_PERGAMINO,Observado,Observado_estacion,,,,,2026-10-10T15:55:32+00:00
2026-02-05,29.300,19.300,0.000,23.681,,,,,,,,,,,,,,,,,,,,,21.681,SIGA_INTA_PERGAMINO,Observado,Observado_estacion,,,,,2026-10-10T15:55:32+00:00
2026-02-06,29.300,17.400,0.000,23.397,,,,,,,,,,,,,,,,,,,,,21.397,SIGA_INTA_PERGAMINO,Observado,Observado_estacion,,,,,2026-10-10T15:55:32+00:00
2026-02-07,32.800,12.100,0.000,22.532,,,,,,,,,,,,,,,,,,,,,20.532,SIGA_INTA_PERGAMINO,Observado,Observado_estacion,,,,,2026-10-10T15:55:32+00:00
2026-02-08,35.100,15.300,0.000,24.899,,,,,,,,,,,,,,,,,,,,,22.899,SIGA_INTA_PERGAMINO,Observado,Observado_estacion,,,,,2026-10-10T15:55:32+00:00
2026-02-09,29.000,17.400,0.750,22.058,,,,,,,,,,,,,,,,,,,,,20.058,SIGA_INTA_PERGAMINO,Observado,Observado_estacion,,,,,2026-10-10T15:55:32+00:00
2026-02-10,34.900,15.600,0.000,24.792,,,,,,,,,,,,,,,,,,,,,22.792,SIGA_INTA_PERGAMINO,Observado,Observado_estacion,,,,,2026-10-10T15:55:32+00:00
2026-02-11,27.400,20.800,0.000,23.656,,,,,,,,,,,,,,,,,,,,,21.656,SIGA_INTA_PERGAMINO,Observado,Observado_estacion,,,,,2026-10-10T15:55:32+00:00
2026-02-12,31.700,16.200,0.000,22.812,,,,,,,,,,,,,,,,,,,,,20.812,SIGA_INTA_PERGAMINO,Observado,Observado_estacion,,,,,2026-10-10T15:55:32+00:00
2026-02-13,29.700,13.200,0.000,21.257,,,,,,,,,,,,,,,,,,,,,19.257,SIGA_INTA_PERGAMINO,Observado,Observado_estacion,,,,,2026-10-10T15:55:32+00:00
2026-02-14,32.600,14.800,19.000,23.027,,,,,,,,,,,,,,,,,,,,,21.027,SIGA_INTA_PERGAMINO,Observado,Observado_estacion,,,,,2026-10-10T15:55:32+00:00
2026-02-15,25.000,18.100,1.750,21.715,,,,,,,,,,,,,,,,,,,,,19.715,SIGA_INTA_PERGAMINO,Observado,Observado_estacion,,,,,2026-10-10T15:55:32+00:00
2026-02-16,30.600,16.000,0.000,22.135,,,,,,,,,,,,,,,,,,,,,20.135,SIGA_INTA_PERGAMINO,Observado,Observado_estacion,,,,,2026-10-10T15:55:32+00:00
2026-02-17,32.800,16.500,0.000,24.069,,,,,,,,,,,,,,,,,,,,,22.069,SIGA_INTA_PERGAMINO,Observado,Observado_estacion,,,,,2026-10-10T15:55:32+00:00
2026-02-18,35.200,20.100,32.500,26.781,,,,,,,,,,,,,,,,,,,,,24.781,SIGA_INTA_PERGAMINO,Observado,Observado_estacion,,,,,2026-10-10T15:55:32+00:00
2026-02-19,28.900,18.700,0.000,24.337,,,,,,,,,,,,,,,,,,,,,22.337,SIGA_INTA_PERGAMINO,Observado,Observado_estacion,,,,,2026-10-10T15:55:32+00:00
2026-02-20,30.200,16.600,0.000,22.829,,,,,,,,,,,,,,,,,,,,,20.829,SIGA_INTA_PERGAMINO,Observado,Observado_estacion,,,,,2026-10-10T15:55:32+00:00
2026-02-21,31.600,15.400,0.000,23.150,,,,,,,,,,,,,,,,,,,,,21.150,SIGA_INTA_PERGAMINO,Observado,Observado_estacion,,,,,2026-10-10T15:55:32+00:00
2026-02-22,30.900,19.300,0.000,24.678,,,,,,,,,,,,,,,,,,,,,22.678,SIGA_INTA_PERGAMINO,Observado,Observado_estacion,,,,,2026-10-10T15:55:32+00:00
2026-02-23,31.800,19.700,9.750,24.310,,,,,,,,,,,,,,,,,,,,,22.310,SIGA_INTA_PERGAMINO,Observado,Observado_estacion,,,,,2026-10-10T15:55:32+00:00
2026-02-24,33.300,18.300,0.000,24.791,,,,,,,,,,,,,,,,,,,,,22.791,SIGA_INTA_PERGAMINO,Observado,Observado_estacion,,,,,2026-10-10T15:55:32+00:00
2026-02-25,25.300,11.200,0.000,19.176,,,,,,,,,,,,,,,,,,,,,17.176,SIGA_INTA_PERGAMINO,Observado,Observado_estacion,,,,,2026-10-10T15:55:32+00:00
2026-02-26,27.500,12.300,0.000,19.391,,,,,,,,,,,,,,,,,,,,,17.391,SIGA_INTA_PERGAMINO,Observado,Observado_estacion,,,,,2026-10-10T15:55:32+00:00
2026-02-27,30.300,15.700,0.000,22.706,,,,,,,,,,,,,,,,,,,,,20.706,SIGA_INTA_PERGAMINO,Observado,Observado_estacion,,,,,2026-10-10T15:55:32+00:00
2026-02-28,30.200,15.600,0.000,21.970,,,,,,,,,,,,,,,,,,,,,19.970,SIGA_INTA_PERGAMINO,Observado,Observado_estacion,,,,,2026-10-10T15:55:32+00:00
2026-03-01,32.300,16.000,0.000,24.011,,,,,,,,,,,,,,,,,,,,,22.011,SIGA_INTA_PERGAMINO,Observado,Observado_estacion,,,,,2026-10-10T15:55:32+00:00
2026-03-02,32.100,16.300,24.250,23.382,,,,,,,,,,,,,,,,,,,,,21.382,SIGA_INTA_PERGAMINO,Observado,Observado_estacion,,,,,2026-10-10T15:55:32+00:00
2026-03-03,26.600,17.200,0.000,21.118,,,,,,,,,,,,,,,,,,,,,19.118,SIGA_INTA_PERGAMINO,Observado,Observado_estacion,,,,,2026-10-10T15:55:32+00:00
2026-03-04,31.500,14.700,0.000,22.521,,,,,,,,,,,,,,,,,,,,,20.521,SIGA_INTA_PERGAMINO,Observado,Observado_estacion,,,,,2026-10-10T15:55:32+00:00
2026-03-05,27.600,17.100,22.500,21.812,,,,,,,,,,,,,,,,,,,,,19.812,SIGA_INTA_PERGAMINO,Observado,Observado_estacion,,,,,2026-10-10T15:55:32+00:00
2026-03-06,24.500,18.300,0.000,21.024,,,,,,,,,,,,,,,,,,,,,19.024,SIGA_INTA_PERGAMINO,Observado,Observado_estacion,,,,,2026-10-10T15:55:32+00:00
2026-03-07,28.200,18.500,0.000,22.044,,,,,,,,,,,,,,,,,,,,,20.044,SIGA_INTA_PERGAMINO,Observado,Observado_estacion,,,,,2026-10-10T15:55:32+00:00
2026-03-08,26.200,15.800,0.250,20.716,,,,,,,,,,,,,,,,,,,,,18.716,SIGA_INTA_PERGAMINO,Observado,Observado_estacion,,,,,2026-10-10T15:55:32+00:00
2026-03-09,27.100,17.500,0.000,21.469,,,,,,,,,,,,,,,,,,,,,19.469,SIGA_INTA_PERGAMINO,Observado,Observado_estacion,,,,,2026-10-10T15:55:32+00:00
2026-03-10,28.100,15.200,0.000,21.606,,,,,,,,,,,,,,,,,,,,,19.606,SIGA_INTA_PERGAMINO,Observado,Observado_estacion,,,,,2026-10-10T15:55:32+00:00
2026-03-11,28.900,14.300,0.000,21.228,,,,,,,,,,,,,,,,,,,,,19.228,SIGA_INTA_PERGAMINO,Observado,Observado_estacion,,,,,2026-10-10T15:55:32+00:00
2026-03-12,27.400,14.800,0.000,20.628,,,,,,,,,,,,,,,,,,,,,18.628,SIGA_INTA_PERGAMINO,Observado,Observado_estacion,,,,,2026-10-10T15:55:32+00:00
2026-03-13,31.300,16.800,0.000,22.772,,,,,,,,,,,,,,,,,,,,,20.772,SIGA_INTA_PERGAMINO,Observado,Observado_estacion,,,,,2026-10-10T15:55:32+00:00
2026-03-14,29.100,18.400,0.000,22.106,,,,,,,,,,,,,,,,,,,,,20.106,SIGA_INTA_PERGAMINO,Observado,Observado_estacion,,,,,2026-10-10T15:55:32+00:00
2026-03-15,32.200,14.800,0.000,23.038,,,,,,,,,,,,,,,,,,,,,21.038,SIGA_INTA_PERGAMINO,Observado,Observado_estacion,,,,,2026-10-10T15:55:32+00:00
2026-03-16,34.300,19.800,0.000,26.124,,,,,,,,,,,,,,,,,,,,,24.124,SIGA_INTA_PERGAMINO,Observado,Observado_estacion,,,,,2026-10-10T15:55:32+00:00
2026-03-17,31.100,17.700,12.000,22.610,,,,,,,,,,,,,,,,,,,,,20.610,SIGA_INTA_PERGAMINO,Observado,Observado_estacion,,,,,2026-10-10T15:55:32+00:00
2026-03-18,26.900,13.600,0.000,19.801,,,,,,,,,,,,,,,,,,,,,17.801,SIGA_INTA_PERGAMINO,Observado,Observado_estacion,,,,,2026-10-10T15:55:32+00:00
2026-03-19,30.800,13.000,0.000,20.883,,,,,,,,,,,,,,,,,,,,,18.883,SIGA_INTA_PERGAMINO,Observado,Observado_estacion,,,,,2026-10-10T15:55:32+00:00
2026-03-20,24.800,16.400,47.250,20.656,,,,,,,,,,,,,,,,,,,,,18.656,SIGA_INTA_PERGAMINO,Observado,Observado_estacion,,,,,2026-10-10T15:55:32+00:00
2026-03-21,21.100,14.300,5.000,18.723,,,,,,,,,,,,,,,,,,,,,16.723,SIGA_INTA_PERGAMINO,Observado,Observado_estacion,,,,,2026-10-10T15:55:32+00:00
2026-03-22,25.100,8.200,0.500,16.613,,,,,,,,,,,,,,,,,,,,,14.613,SIGA_INTA_PERGAMINO,Observado,Observado_estacion,,,,,2026-10-10T15:55:32+00:00
2026-03-23,24.000,12.500,0.000,18.024,,,,,,,,,,,,,,,,,,,,,16.024,SIGA_INTA_PERGAMINO,Observado,Observado_estacion,,,,,2026-10-10T15:55:32+00:00
2026-03-24,26.200,6.200,0.000,15.666,,,,,,,,,,,,,,,,,,,,,13.666,SIGA_INTA_PERGAMINO,Observado,Observado_estacion,,,,,2026-10-10T15:55:32+00:00
2026-03-25,27.900,10.700,0.000,18.394,,,,,,,,,,,,,,,,,,,,,16.394,SIGA_INTA_PERGAMINO,Observado,Observado_estacion,,,,,2026-10-10T15:55:32+00:00
2026-03-26,26.800,11.300,0.000,19.131,,,,,,,,,,,,,,,,,,,,,17.131,SIGA_INTA_PERGAMINO,Observado,Observado_estacion,,,,,2026-10-10T15:55:32+00:00
2026-03-27,28.300,15.100,94.000,20.911,,,,,,,,,,,,,,,,,,,,,18.911,SIGA_INTA_PERGAMINO,Observado,Observado_estacion,,,,,2026-10-10T15:55:32+00:00
2026-03-28,30.500,18.900,0.500,23.400,,,,,,,,,,,,,,,,,,,,,21.400,SIGA_INTA_PERGAMINO,Observado,Observado_estacion,,,,,2026-10-10T15:55:32+00:00
2026-03-29,34.200,23.500,0.000,26.849,,,,,,,,,,,,,,,,,,,,,24.849,SIGA_INTA_PERGAMINO,Observado,Observado_estacion,,,,,2026-10-10T15:55:32+00:00
2026-03-30,33.300,22.700,0.000,26.828,,,,,,,,,,,,,,,,,,,,,24.828,SIGA_INTA_PERGAMINO,Observado,Observado_estacion,,,,,2026-10-10T15:55:32+00:00
2026-03-31,35.600,22.900,0.000,28.239,,,,,,,,,,,,,,,,,,,,,26.239,SIGA_INTA_PERGAMINO,Observado,Observado_estacion,,,,,2026-10-10T15:55:32+00:00
2026-04-01,27.600,21.400,16.750,24.346,,,,,,,,,,,,,,,,,,,,,22.346,SIGA_INTA_PERGAMINO,Observado,Observado_estacion,,,,,2026-10-10T15:55:32+00:00
2026-04-02,29.100,21.300,0.000,24.141,,,,,,,,,,,,,,,,,,,,,22.141,SIGA_INTA_PERGAMINO,Observado,Observado_estacion,,,,,2026-10-10T15:55:32+00:00
2026-04-03,32.200,19.800,23.500,24.626,,,,,,,,,,,,,,,,,,,,,22.626,SIGA_INTA_PERGAMINO,Observado,Observado_estacion,,,,,2026-10-10T15:55:32+00:00
2026-04-04,23.500,12.700,0.000,17.459,,,,,,,,,,,,,,,,,,,,,15.459,SIGA_INTA_PERGAMINO,Observado,Observado_estacion,,,,,2026-10-10T15:55:32+00:00
2026-04-05,20.200,9.500,24.250,14.153,,,,,,,,,,,,,,,,,,,,,12.153,SIGA_INTA_PERGAMINO,Observado,Observado_estacion,,,,,2026-10-10T15:55:32+00:00
2026-04-06,16.400,12.800,20.000,14.665,,,,,,,,,,,,,,,,,,,,,12.665,SIGA_INTA_PERGAMINO,Observado,Observado_estacion,,,,,2026-10-10T15:55:32+00:00
2026-04-07,20.800,15.800,0.250,17.338,,,,,,,,,,,,,,,,,,,,,15.338,SIGA_INTA_PERGAMINO,Observado,Observado_estacion,,,,,2026-10-10T15:55:32+00:00
2026-04-08,23.200,12.700,0.000,16.955,,,,,,,,,,,,,,,,,,,,,14.955,SIGA_INTA_PERGAMINO,Observado,Observado_estacion,,,,,2026-10-10T15:55:32+00:00
2026-04-09,24.200,9.700,0.000,16.387,,,,,,,,,,,,,,,,,,,,,14.387,SIGA_INTA_PERGAMINO,Observado,Observado_estacion,,,,,2026-10-10T15:55:32+00:00
2026-04-10,25.500,9.900,0.000,16.985,,,,,,,,,,,,,,,,,,,,,14.985,SIGA_INTA_PERGAMINO,Observado,Observado_estacion,,,,,2026-10-10T15:55:32+00:00
2026-04-11,24.900,11.800,0.000,17.142,,,,,,,,,,,,,,,,,,,,,15.142,SIGA_INTA_PERGAMINO,Observado,Observado_estacion,,,,,2026-10-10T15:55:32+00:00
2026-04-12,28.000,11.800,0.000,18.812,,,,,,,,,,,,,,,,,,,,,16.812,SIGA_INTA_PERGAMINO,Observado,Observado_estacion,,,,,2026-10-10T15:55:32+00:00
2026-04-13,27.100,13.500,0.000,19.292,,,,,,,,,,,,,,,,,,,,,17.292,SIGA_INTA_PERGAMINO,Observado,Observado_estacion,,,,,2026-10-10T15:55:32+00:00
2026-04-14,25.200,16.200,1.000,20.910,,,,,,,,,,,,,,,,,,,,,18.910,SIGA_INTA_PERGAMINO,Observado,Observado_estacion,,,,,2026-10-10T15:55:32+00:00
2026-04-15,22.800,19.900,1.250,21.074,,,,,,,,,,,,,,,,,,,,,19.074,SIGA_INTA_PERGAMINO,Observado,Observado_estacion,,,,,2026-10-10T15:55:32+00:00
2026-04-16,26.800,19.300,0.000,21.644,,,,,,,,,,,,,,,,,,,,,19.644,SIGA_INTA_PERGAMINO,Observado,Observado_estacion,,,,,2026-10-10T15:55:32+00:00
2026-04-17,28.700,12.600,0.000,20.337,,,,,,,,,,,,,,,,,,,,,18.337,SIGA_INTA_PERGAMINO,Observado,Observado_estacion,,,,,2026-10-10T15:55:32+00:00
2026-04-18,29.200,13.300,0.000,20.828,,,,,,,,,,,,,,,,,,,,,18.828,SIGA_INTA_PERGAMINO,Observado,Observado_estacion,,,,,2026-10-10T15:55:32+00:00
2026-04-19,25.200,16.500,0.000,20.158,,,,,,,,,,,,,,,,,,,,,18.158,SIGA_INTA_PERGAMINO,Observado,Observado_estacion,,,,,2026-10-10T15:55:32+00:00
2026-04-20,22.600,16.400,5.500,18.612,,,,,,,,,,,,,,,,,,,,,16.612,SIGA_INTA_PERGAMINO,Observado,Observado_estacion,,,,,2026-10-10T15:55:32+00:00
2026-04-21,19.000,15.200,0.750,17.518,,,,,,,,,,,,,,,,,,,,,15.518,SIGA_INTA_PERGAMINO,Observado,Observado_estacion,,,,,2026-10-10T15:55:32+00:00
2026-04-22,22.800,7.800,0.000,14.817,,,,,,,,,,,,,,,,,,,,,12.817,SIGA_INTA_PERGAMINO,Observado,Observado_estacion,,,,,2026-10-10T15:55:32+00:00
2026-04-23,25.400,7.400,0.000,15.877,,,,,,,,,,,,,,,,,,,,,13.877,SIGA_INTA_PERGAMINO,Observado,Observado_estacion,,,,,2026-10-10T15:55:32+00:00
2026-04-24,26.500,9.200,0.000,17.146,,,,,,,,,,,,,,,,,,,,,15.146,SIGA_INTA_PERGAMINO,Observado,Observado_estacion,,,,,2026-10-10T15:55:32+00:00
2026-04-25,26.600,13.200,0.000,17.835,,,,,,,,,,,,,,,,,,,,,15.835,SIGA_INTA_PERGAMINO,Observado,Observado_estacion,,,,,2026-10-10T15:55:32+00:00
2026-04-26,19.500,8.600,0.000,13.025,,,,,,,,,,,,,,,,,,,,,11.025,SIGA_INTA_PERGAMINO,Observado,Observado_estacion,,,,,2026-10-10T15:55:32+00:00
2026-04-27,17.400,1.800,0.000,9.438,,,,,,,,,,,,,,,,,,,,,7.438,SIGA_INTA_PERGAMINO,Observado,Observado_estacion,,,,,2026-10-10T15:55:32+00:00
2026-04-28,23.800,6.700,0.000,13.567,,,,,,,,,,,,,,,,,,,,,11.567,SIGA_INTA_PERGAMINO,Observado,Observado_estacion,,,,,2026-10-10T15:55:32+00:00
2026-04-29,25.800,10.700,0.000,16.211,,,,,,,,,,,,,,,,,,,,,14.211,SIGA_INTA_PERGAMINO,Observado,Observado_estacion,,,,,2026-10-10T15:55:32+00:00
2026-04-30,27.100,6.100,0.000,15.071,,,,,,,,,,,,,,,,,,,,,13.071,SIGA_INTA_PERGAMINO,Observado,Observado_estacion,,,,,2026-10-10T15:55:32+00:00
2026-05-01,28.900,13.500,0.000,19.332,,,,,,,,,,,,,,,,,,,,,17.332,SIGA_INTA_PERGAMINO,Observado,Observado_estacion,,,,,2026-10-10T15:55:32+00:00
2026-05-02,17.600,7.100,0.000,12.853,,,,,,,,,,,,,,,,,,,,,10.853,SIGA_INTA_PERGAMINO,Observado,Observado_estacion,,,,,2026-10-10T15:55:32+00:00
2026-05-03,20.100,1.600,0.000,9.408,,,,,,,,,,,,,,,,,,,,,7.408,SIGA_INTA_PERGAMINO,Observado,Observado_estacion,,,,,2026-10-10T15:55:32+00:00
2026-05-04,24.300,5.700,0.000,13.965,,,,,,,,,,,,,,,,,,,,,11.965,SIGA_INTA_PERGAMINO,Observado,Observado_estacion,,,,,2026-10-10T15:55:32+00:00
2026-05-05,23.800,13.000,1.000,18.085,,,,,,,,,,,,,,,,,,,,,16.085,SIGA_INTA_PERGAMINO,Observado,Observado_estacion,,,,,2026-10-10T15:55:32+00:00
2026-05-06,31.800,19.700,6.250,23.980,,,,,,,,,,,,,,,,,,,,,21.980,SIGA_INTA_PERGAMINO,Observado,Observado_estacion,,,,,2026-10-10T15:55:32+00:00
2026-05-07,26.000,12.500,0.000,16.821,,,,,,,,,,,,,,,,,,,,,14.821,SIGA_INTA_PERGAMINO,Observado,Observado_estacion,,,,,2026-10-10T15:55:32+00:00
2026-05-08,15.400,4.900,2.250,10.133,,,,,,,,,,,,,,,,,,,,,8.133,SIGA_INTA_PERGAMINO,Observado,Observado_estacion,,,,,2026-10-10T15:55:32+00:00
2026-05-09,11.800,4.200,0.000,8.718,,,,,,,,,,,,,,,,,,,,,6.718,SIGA_INTA_PERGAMINO,Observado,Observado_estacion,,,,,2026-10-10T15:55:32+00:00
2026-05-10,18.700,1.500,0.000,9.331,,,,,,,,,,,,,,,,,,,,,7.331,SIGA_INTA_PERGAMINO,Observado,Observado_estacion,,,,,2026-10-10T15:55:32+00:00
2026-05-11,21.700,1.100,0.000,10.222,,,,,,,,,,,,,,,,,,,,,8.222,SIGA_INTA_PERGAMINO,Observado,Observado_estacion,,,,,2026-10-10T15:55:32+00:00
2026-05-12,26.200,5.800,0.000,13.953,,,,,,,,,,,,,,,,,,,,,11.953,SIGA_INTA_PERGAMINO,Observado,Observado_estacion,,,,,2026-10-10T15:55:32+00:00
2026-05-13,17.100,6.100,0.000,11.363,,,,,,,,,,,,,,,,,,,,,9.363,SIGA_INTA_PERGAMINO,Observado,Observado_estacion,,,,,2026-10-10T15:55:32+00:00
2026-05-14,20.800,6.400,0.000,12.969,,,,,,,,,,,,,,,,,,,,,10.969,SIGA_INTA_PERGAMINO,Observado,Observado_estacion,,,,,2026-10-10T15:55:32+00:00
2026-05-15,19.600,3.400,0.000,11.112,,,,,,,,,,,,,,,,,,,,,9.112,SIGA_INTA_PERGAMINO,Observado,Observado_estacion,,,,,2026-10-10T15:55:32+00:00
2026-05-16,17.600,8.400,5.000,12.253,,,,,,,,,,,,,,,,,,,,,10.253,SIGA_INTA_PERGAMINO,Observado,Observado_estacion,,,,,2026-10-10T15:55:32+00:00
2026-05-17,14.000,5.800,0.250,9.450,,,,,,,,,,,,,,,,,,,,,7.450,SIGA_INTA_PERGAMINO,Observado,Observado_estacion,,,,,2026-10-10T15:55:32+00:00
2026-05-18,17.400,1.200,0.000,8.315,,,,,,,,,,,,,,,,,,,,,6.315,SIGA_INTA_PERGAMINO,Observado,Observado_estacion,,,,,2026-10-10T15:55:32+00:00
2026-05-19,20.600,1.300,0.000,9.648,,,,,,,,,,,,,,,,,,,,,7.648,SIGA_INTA_PERGAMINO,Observado,Observado_estacion,,,,,2026-10-10T15:55:32+00:00
2026-05-20,18.200,3.700,0.000,9.821,,,,,,,,,,,,,,,,,,,,,7.821,SIGA_INTA_PERGAMINO,Observado,Observado_estacion,,,,,2026-10-10T15:55:32+00:00
2026-05-21,15.200,6.400,0.000,10.235,,,,,,,,,,,,,,,,,,,,,8.235,SIGA_INTA_PERGAMINO,Observado,Observado_estacion,,,,,2026-10-10T15:55:32+00:00
2026-05-22,14.600,1.100,0.000,7.159,,,,,,,,,,,,,,,,,,,,,5.159,SIGA_INTA_PERGAMINO,Observado,Observado_estacion,,,,,2026-10-10T15:55:32+00:00
2026-05-23,15.200,1.200,0.000,7.931,,,,,,,,,,,,,,,,,,,,,5.931,SIGA_INTA_PERGAMINO,Observado,Observado_estacion,,,,,2026-10-10T15:55:32+00:00
2026-05-24,14.500,4.400,0.250,8.406,,,,,,,,,,,,,,,,,,,,,6.406,SIGA_INTA_PERGAMINO,Observado,Observado_estacion,,,,,2026-10-10T15:55:32+00:00
2026-05-25,18.800,5.500,0.000,10.039,,,,,,,,,,,,,,,,,,,,,8.039,SIGA_INTA_PERGAMINO,Observado,Observado_estacion,,,,,2026-10-10T15:55:32+00:00
2026-05-26,19.200,2.200,0.000,9.971,,,,,,,,,,,,,,,,,,,,,7.971,SIGA_INTA_PERGAMINO,Observado,Observado_estacion,,,,,2026-10-10T15:55:32+00:00
2026-05-27,14.300,6.700,0.000,10.923,,,,,,,,,,,,,,,,,,,,,8.923,SIGA_INTA_PERGAMINO,Observado,Observado_estacion,,,,,2026-10-10T15:55:32+00:00
2026-05-28,17.800,8.800,0.000,13.014,,,,,,,,,,,,,,,,,,,,,11.014,SIGA_INTA_PERGAMINO,Observado,Observado_estacion,,,,,2026-10-10T15:55:32+00:00
2026-05-29,19.800,9.800,0.000,13.935,,,,,,,,,,,,,,,,,,,,,11.935,SIGA_INTA_PERGAMINO,Observado,Observado_estacion,,,,,2026-10-10T15:55:32+00:00
2026-05-30,17.800,4.100,0.250,10.123,,,,,,,,,,,,,,,,,,,,,8.123,SIGA_INTA_PERGAMINO,Observado,Observado_estacion,,,,,2026-10-10T15:55:32+00:00
2026-05-31,20.200,3.300,0.000,11.151,,,,,,,,,,,,,,,,,,,,,9.151,SIGA_INTA_PERGAMINO,Observado,Observado_estacion,,,,,2026-10-10T15:55:32+00:00
2026-06-01,19.600,11.100,0.000,15.087,,,,,,,,,,,,,,,,,,,,,13.087,SIGA_INTA_PERGAMINO,Observado,Observado_estacion,,,,,2026-10-10T15:55:32+00:00
2026-06-02,16.800,8.500,0.000,12.737,,,,,,,,,,,,,,,,,,,,,10.737,SIGA_INTA_PERGAMINO,Observado,Observado_estacion,,,,,2026-10-10T15:55:32+00:00
2026-06-03,19.400,11.300,0.000,14.739,,,,,,,,,,,,,,,,,,,,,12.739,SIGA_INTA_PERGAMINO,Observado,Observado_estacion,,,,,2026-10-10T15:55:32+00:00
2026-06-04,22.800,13.600,0.000,16.902,,,,,,,,,,,,,,,,,,,,,14.902,SIGA_INTA_PERGAMINO,Observado,Observado_estacion,,,,,2026-10-10T15:55:32+00:00
2026-06-05,20.500,11.900,0.000,16.203,,,,,,,,,,,,,,,,,,,,,14.203,SIGA_INTA_PERGAMINO,Observado,Observado_estacion,,,,,2026-10-10T15:55:32+00:00
2026-06-06,20.800,13.500,0.000,16.051,,,,,,,,,,,,,,,,,,,,,14.051,SIGA_INTA_PERGAMINO,Observado,Observado_estacion,,,,,2026-10-10T15:55:32+00:00
2026-06-07,16.300,10.700,0.250,14.035,,,,,,,,,,,,,,,,,,,,,12.035,SIGA_INTA_PERGAMINO,Observado,Observado_estacion,,,,,2026-10-10T15:55:32+00:00
2026-06-08,15.200,10.700,0.750,12.339,,,,,,,,,,,,,,,,,,,,,10.339,SIGA_INTA_PERGAMINO,Observado,Observado_estacion,,,,,2026-10-10T15:55:32+00:00
2026-06-09,14.100,10.200,0.000,11.620,,,,,,,,,,,,,,,,,,,,,9.620,SIGA_INTA_PERGAMINO,Observado,Observado_estacion,,,,,2026-10-10T15:55:32+00:00
2026-06-10,15.600,12.100,0.250,13.322,,,,,,,,,,,,,,,,,,,,,11.322,SIGA_INTA_PERGAMINO,Observado,Observado_estacion,,,,,2026-10-10T15:55:32+00:00
2026-06-11,20.100,6.400,0.250,12.387,,,,,,,,,,,,,,,,,,,,,10.387,SIGA_INTA_PERGAMINO,Observado,Observado_estacion,,,,,2026-10-10T15:55:32+00:00
2026-06-12,18.700,1.900,0.000,9.515,,,,,,,,,,,,,,,,,,,,,7.515,SIGA_INTA_PERGAMINO,Observado,Observado_estacion,,,,,2026-10-10T15:55:32+00:00
2026-06-13,13.100,7.500,0.000,10.286,,,,,,,,,,,,,,,,,,,,,8.286,SIGA_INTA_PERGAMINO,Observado,Observado_estacion,,,,,2026-10-10T15:55:32+00:00
2026-06-14,13.400,-1.300,0.000,5.906,,,,,,,,,,,,,,,,,,,,,3.906,SIGA_INTA_PERGAMINO,Observado,Observado_estacion,,,,,2026-10-10T15:55:32+00:00
2026-06-15,16.900,-0.300,0.000,6.826,,,,,,,,,,,,,,,,,,,,,4.826,SIGA_INTA_PERGAMINO,Observado,Observado_estacion,,,,,2026-10-10T15:55:32+00:00
2026-06-16,21.800,5.300,0.000,11.215,,,,,,,,,,,,,,,,,,,,,9.215,SIGA_INTA_PERGAMINO,Observado,Observado_estacion,,,,,2026-10-10T15:55:32+00:00
2026-06-17,18.100,4.800,0.000,10.349,,,,,,,,,,,,,,,,,,,,,8.349,SIGA_INTA_PERGAMINO,Observado,Observado_estacion,,,,,2026-10-10T15:55:32+00:00
2026-06-18,11.800,8.300,12.750,9.756,,,,,,,,,,,,,,,,,,,,,7.756,SIGA_INTA_PERGAMINO,Observado,Observado_estacion,,,,,2026-10-10T15:55:32+00:00
2026-06-19,16.800,3.700,1.000,9.982,,,,,,,,,,,,,,,,,,,,,7.982,SIGA_INTA_PERGAMINO,Observado,Observado_estacion,,,,,2026-10-10T15:55:32+00:00
2026-06-20,16.000,1.600,0.000,8.031,,,,,,,,,,,,,,,,,,,,,6.031,SIGA_INTA_PERGAMINO,Observado,Observado_estacion,,,,,2026-10-10T15:55:32+00:00
2026-06-21,17.800,7.000,0.000,11.106,,,,,,,,,,,,,,,,,,,,,9.106,SIGA_INTA_PERGAMINO,Observado,Observado_estacion,,,,,2026-10-10T15:55:32+00:00
2026-06-22,13.500,3.900,0.000,8.871,,,,,,,,,,,,,,,,,,,,,6.871,SIGA_INTA_PERGAMINO,Observado,Observado_estacion,,,,,2026-10-10T15:55:32+00:00
2026-06-23,14.700,0.200,0.000,5.658,,,,,,,,,,,,,,,,,,,,,3.658,SIGA_INTA_PERGAMINO,Observado,Observado_estacion,,,,,2026-10-10T15:55:32+00:00
2026-06-24,10.200,-2.000,0.000,4.651,,,,,,,,,,,,,,,,,,,,,2.651,SIGA_INTA_PERGAMINO,Observado,Observado_estacion,,,,,2026-10-10T15:55:32+00:00
2026-06-25,13.800,1.400,0.000,6.814,,,,,,,,,,,,,,,,,,,,,4.814,SIGA_INTA_PERGAMINO,Observado,Observado_estacion,,,,,2026-10-10T15:55:32+00:00
2026-06-26,18.200,0.800,0.000,7.648,,,,,,,,,,,,,,,,,,,,,5.648,SIGA_INTA_PERGAMINO,Observado,Observado_estacion,,,,,2026-10-10T15:55:32+00:00
2026-06-27,19.600,2.400,2.500,10.135,,,,,,,,,,,,,,,,,,,,,8.135,SIGA_INTA_PERGAMINO,Observado,Observado_estacion,,,,,2026-10-10T15:55:32+00:00
2026-06-28,15.300,5.300,0.000,9.157,,,,,,,,,,,,,,,,,,,,,7.157,SIGA_INTA_PERGAMINO,Observado,Observado_estacion,,,,,2026-10-10T15:55:32+00:00
2026-06-29,16.700,2.000,0.000,7.663,,,,,,,,,,,,,,,,,,,,,5.663,SIGA_INTA_PERGAMINO,Observado,Observado_estacion,,,,,2026-10-10T15:55:32+00:00
2026-06-30,17.100,1.200,0.000,7.707,,,,,,,,,,,,,,,,,,,,,5.707,SIGA_INTA_PERGAMINO,Observado,Observado_estacion,,,,,2026-10-10T15:55:32+00:00
2026-07-01,15.200,3.100,0.000,7.993,,,,,,,,,,,,,,,,,,,,,5.993,SIGA_INTA_PERGAMINO,Observado,Observado_estacion,,,,,2026-10-10T15:55:32+00:00
2026-07-02,10.200,-0.100,0.000,5.197,,,,,,,,,,,,,,,,,,,,,3.197,SIGA_INTA_PERGAMINO,Observado,Observado_estacion,,,,,2026-10-10T15:55:32+00:00
2026-07-03,11.100,-4.300,0.000,1.782,,,,,,,,,,,,,,,,,,,,,0.000,SIGA_INTA_PERGAMINO,Observado,Observado_estacion,,,,,2026-10-10T15:55:32+00:00
2026-07-04,9.700,-0.700,0.000,3.892,,,,,,,,,,,,,,,,,,,,,1.892,SIGA_INTA_PERGAMINO,Observado,Observado_estacion,,,,,2026-10-10T15:55:32+00:00
2026-07-05,7.500,4.300,5.750,6.246,,,,,,,,,,,,,,,,,,,,,4.246,SIGA_INTA_PERGAMINO,Observado,Observado_estacion,,,,,2026-10-10T15:55:32+00:00
2026-07-06,14.000,-2.700,0.000,4.571,,,,,,,,,,,,,,,,,,,,,2.571,SIGA_INTA_PERGAMINO,Observado,Observado_estacion,,,,,2026-10-10T15:55:32+00:00
2026-07-07,20.400,-1.300,0.000,7.098,,,,,,,,,,,,,,,,,,,,,5.098,SIGA_INTA_PERGAMINO,Observado,Observado_estacion,,,,,2026-10-10T15:55:32+00:00
2026-07-08,21.000,3.000,0.000,11.198,,,,,,,,,,,,,,,,,,,,,9.198,SIGA_INTA_PERGAMINO,Observado,Observado_estacion,,,,,2026-10-10T15:55:32+00:00
2026-07-09,20.200,5.300,0.000,12.293,,,,,,,,,,,,,,,,,,,,,10.293,SIGA_INTA_PERGAMINO,Observado,Observado_estacion,,,,,2026-10-10T15:55:32+00:00
2026-07-10,12.500,4.900,0.000,8.973,,,,,,,,,,,,,,,,,,,,,6.973,SIGA_INTA_PERGAMINO,Observado,Observado_estacion,,,,,2026-10-10T15:55:32+00:00
2026-07-11,13.400,6.300,0.000,9.608,,,,,,,,,,,,,,,,,,,,,7.608,SIGA_INTA_PERGAMINO,Observado,Observado_estacion,,,,,2026-10-10T15:55:32+00:00
2026-07-12,13.000,5.600,0.000,9.315,,,,,,,,,,,,,,,,,,,,,7.315,SIGA_INTA_PERGAMINO,Observado,Observado_estacion,,,,,2026-10-10T15:55:32+00:00
2026-07-13,15.800,0.600,0.000,7.195,,,,,,,,,,,,,,,,,,,,,5.195,SIGA_INTA_PERGAMINO,Observado,Observado_estacion,,,,,2026-10-10T15:55:32+00:00
2026-07-14,16.100,5.300,0.000,10.034,,,,,,,,,,,,,,,,,,,,,8.034,SIGA_INTA_PERGAMINO,Observado,Observado_estacion,,,,,2026-10-10T15:55:32+00:00
2026-07-15,19.600,8.600,0.000,13.330,,,,,,,,,,,,,,,,,,,,,11.330,SIGA_INTA_PERGAMINO,Observado,Observado_estacion,,,,,2026-10-10T15:55:32+00:00
2026-07-16,26.200,12.500,0.750,18.721,,,,,,,,,,,,,,,,,,,,,16.721,SIGA_INTA_PERGAMINO,Observado,Observado_estacion,,,,,2026-10-10T15:55:32+00:00
2026-07-17,21.900,18.500,0.000,20.140,,,,,,,,,,,,,,,,,,,,,18.140,SIGA_INTA_PERGAMINO,Observado,Observado_estacion,,,,,2026-10-10T15:55:32+00:00
2026-07-18,18.800,14.200,0.000,16.590,,,,,,,,,,,,,,,,,,,,,14.590,SIGA_INTA_PERGAMINO,Observado,Observado_estacion,,,,,2026-10-10T15:55:32+00:00
2026-07-19,17.500,11.000,0.000,13.380,,,,,,,,,,,,,,,,,,,,,11.380,SIGA_INTA_PERGAMINO,Observado,Observado_estacion,,,,,2026-10-10T15:55:32+00:00
2026-07-20,12.400,8.800,0.750,10.951,,,,,,,,,,,,,,,,,,,,,8.951,SIGA_INTA_PERGAMINO,Observado,Observado_estacion,,,,,2026-10-10T15:55:32+00:00
2026-07-21,11.600,9.200,16.000,10.320,,,,,,,,,,,,,,,,,,,,,8.320,SIGA_INTA_PERGAMINO,Observado,Observado_estacion,,,,,2026-10-10T15:55:32+00:00
2026-07-22,15.200,8.700,0.000,11.140,,,,,,,,,,,,,,,,,,,,,9.140,SIGA_INTA_PERGAMINO,Observado,Observado_estacion,,,,,2026-10-10T15:55:32+00:00
2026-07-23,13.000,5.100,0.250,9.480,,,,,,,,,,,,,,,,,,,,,7.480,SIGA_INTA_PERGAMINO,Observado,Observado_estacion,,,,,2026-10-10T15:55:32+00:00
2026-07-24,17.600,10.800,0.000,13.062,,,,,,,,,,,,,,,,,,,,,11.062,SIGA_INTA_PERGAMINO,Observado,Observado_estacion,,,,,2026-10-10T15:55:32+00:00
2026-07-25,17.500,6.700,0.000,11.697,,,,,,,,,,,,,,,,,,,,,9.697,SIGA_INTA_PERGAMINO,Observado,Observado_estacion,,,,,2026-10-10T15:55:32+00:00
2026-07-26,20.100,11.100,0.000,15.185,,,,,,,,,,,,,,,,,,,,,13.185,SIGA_INTA_PERGAMINO,Observado,Observado_estacion,,,,,2026-10-10T15:55:32+00:00
2026-07-27,22.300,12.700,0.250,16.006,,,,,,,,,,,,,,,,,,,,,14.006,SIGA_INTA_PERGAMINO,Observado,Observado_estacion,,,,,2026-10-10T15:55:32+00:00
2026-07-28,16.900,11.100,0.000,14.171,,,,,,,,,,,,,,,,,,,,,12.171,SIGA_INTA_PERGAMINO,Observado,Observado_estacion,,,,,2026-10-10T15:55:32+00:00
2026-07-29,19.100,6.900,0.000,12.646,,,,,,,,,,,,,,,,,,,,,10.646,SIGA_INTA_PERGAMINO,Observado,Observado_estacion,,,,,2026-10-10T15:55:32+00:00
2026-07-30,19.800,8.500,0.000,13.677,,,,,,,,,,,,,,,,,,,,,11.677,SIGA_INTA_PERGAMINO,Observado,Observado_estacion,,,,,2026-10-10T15:55:32+00:00
2026-07-31,25.900,14.000,30.500,18.581,,,,,,,,,,,,,,,,,,,,,16.581,SIGA_INTA_PERGAMINO,Observado,Observado_estacion,,,,,2026-10-10T15:55:32+00:00
2026-08-01,21.900,11.600,0.000,17.285,,,,,,,,,,,,,,,,,,,,,15.285,SIGA_INTA_PERGAMINO,Observado,Observado_estacion,,,,,2026-10-10T15:55:32+00:00
2026-08-02,19.800,8.700,0.000,14.237,,,,,,,,,,,,,,,,,,,,,12.237,SIGA_INTA_PERGAMINO,Observado,Observado_estacion,,,,,2026-10-10T15:55:32+00:00
2026-08-03,16.300,10.600,0.000,13.783,,,,,,,,,,,,,,,,,,,,,11.783,SIGA_INTA_PERGAMINO,Observado,Observado_estacion,,,,,2026-10-10T15:55:32+00:00
2026-08-04,17.100,11.700,0.000,14.034,,,,,,,,,,,,,,,,,,,,,12.034,SIGA_INTA_PERGAMINO,Observado,Observado_estacion,,,,,2026-10-10T15:55:32+00:00
2026-08-05,17.200,13.000,73.250,14.291,,,,,,,,,,,,,,,,,,,,,12.291,SIGA_INTA_PERGAMINO,Observado,Observado_estacion,,,,,2026-10-10T15:55:32+00:00
2026-08-06,15.300,9.600,2.750,13.577,,,,,,,,,,,,,,,,,,,,,11.577,SIGA_INTA_PERGAMINO,Observado,Observado_estacion,,,,,2026-10-10T15:55:32+00:00
2026-08-07,15.400,1.600,0.000,7.983,,,,,,,,,,,,,,,,,,,,,5.983,SIGA_INTA_PERGAMINO,Observado,Observado_estacion,,,,,2026-10-10T15:55:32+00:00
2026-08-08,14.800,3.200,0.000,8.040,,,,,,,,,,,,,,,,,,,,,6.040,SIGA_INTA_PERGAMINO,Observado,Observado_estacion,,,,,2026-10-10T15:55:32+00:00
2026-08-09,16.100,-0.200,0.000,7.118,,,,,,,,,,,,,,,,,,,,,5.118,SIGA_INTA_PERGAMINO,Observado,Observado_estacion,,,,,2026-10-10T15:55:32+00:00
2026-08-10,13.700,0.500,0.000,6.435,,,,,,,,,,,,,,,,,,,,,4.435,SIGA_INTA_PERGAMINO,Observado,Observado_estacion,,,,,2026-10-10T15:55:32+00:00
2026-08-11,12.400,2.400,0.000,6.657,,,,,,,,,,,,,,,,,,,,,4.657,SIGA_INTA_PERGAMINO,Observado,Observado_estacion,,,,,2026-10-10T15:55:32+00:00
2026-08-12,12.700,5.200,0.750,8.543,,,,,,,,,,,,,,,,,,,,,6.543,SIGA_INTA_PERGAMINO,Observado,Observado_estacion,,,,,2026-10-10T15:55:32+00:00
2026-08-13,10.500,5.800,1.500,8.135,,,,,,,,,,,,,,,,,,,,,6.135,SIGA_INTA_PERGAMINO,Observado,Observado_estacion,,,,,2026-10-10T15:55:32+00:00
2026-08-14,12.900,2.300,0.000,7.884,,,,,,,,,,,,,,,,,,,,,5.884,SIGA_INTA_PERGAMINO,Observado,Observado_estacion,,,,,2026-10-10T15:55:32+00:00
2026-08-15,15.100,11.600,0.750,13.177,,,,,,,,,,,,,,,,,,,,,11.177,SIGA_INTA_PERGAMINO,Observado,Observado_estacion,,,,,2026-10-10T15:55:32+00:00
2026-08-16,17.800,10.800,0.000,13.988,,,,,,,,,,,,,,,,,,,,,11.988,SIGA_INTA_PERGAMINO,Observado,Observado_estacion,,,,,2026-10-10T15:55:32+00:00
2026-08-17,14.700,8.700,0.000,11.715,,,,,,,,,,,,,,,,,,,,,9.715,SIGA_INTA_PERGAMINO,Observado,Observado_estacion,,,,,2026-10-10T15:55:32+00:00
2026-08-18,14.500,7.100,0.000,9.810,,,,,,,,,,,,,,,,,,,,,7.810,SIGA_INTA_PERGAMINO,Observado,Observado_estacion,,,,,2026-10-10T15:55:32+00:00
2026-08-19,17.500,1.000,0.000,8.971,,,,,,,,,,,,,,,,,,,,,6.971,SIGA_INTA_PERGAMINO,Observado,Observado_estacion,,,,,2026-10-10T15:55:32+00:00
2026-08-20,25.000,4.200,0.000,11.991,,,,,,,,,,,,,,,,,,,,,9.991,SIGA_INTA_PERGAMINO,Observado,Observado_estacion,,,,,2026-10-10T15:55:32+00:00
2026-08-21,14.200,4.900,0.000,9.167,,,,,,,,,,,,,,,,,,,,,7.167,SIGA_INTA_PERGAMINO,Observado,Observado_estacion,,,,,2026-10-10T15:55:32+00:00
2026-08-22,16.200,-1.600,0.000,6.495,,,,,,,,,,,,,,,,,,,,,4.495,SIGA_INTA_PERGAMINO,Observado,Observado_estacion,,,,,2026-10-10T15:55:32+00:00
2026-08-23,17.700,1.800,0.000,8.764,,,,,,,,,,,,,,,,,,,,,6.764,SIGA_INTA_PERGAMINO,Observado,Observado_estacion,,,,,2026-10-10T15:55:32+00:00
2026-08-24,14.000,4.400,0.000,8.498,,,,,,,,,,,,,,,,,,,,,6.498,SIGA_INTA_PERGAMINO,Observado,Observado_estacion,,,,,2026-10-10T15:55:32+00:00
2026-08-25,18.600,7.800,0.000,11.769,,,,,,,,,,,,,,,,,,,,,9.769,SIGA_INTA_PERGAMINO,Observado,Observado_estacion,,,,,2026-10-10T15:55:32+00:00
2026-08-26,20.000,8.200,3.000,12.780,,,,,,,,,,,,,,,,,,,,,10.780,SIGA_INTA_PERGAMINO,Observado,Observado_estacion,,,,,2026-10-10T15:55:32+00:00
2026-08-27,15.600,11.900,2.250,13.221,,,,,,,,,,,,,,,,,,,,,11.221,SIGA_INTA_PERGAMINO,Observado,Observado_estacion,,,,,2026-10-10T15:55:32+00:00
2026-08-28,21.800,8.900,0.250,14.084,,,,,,,,,,,,,,,,,,,,,12.084,SIGA_INTA_PERGAMINO,Observado,Observado_estacion,,,,,2026-10-10T15:55:32+00:00
2026-08-29,21.700,7.100,0.000,14.015,,,,,,,,,,,,,,,,,,,,,12.015,SIGA_INTA_PERGAMINO,Observado,Observado_estacion,,,,,2026-10-10T15:55:32+00:00
2026-08-30,24.500,5.200,0.000,14.590,,,,,,,,,,,,,,,,,,,,,12.590,SIGA_INTA_PERGAMINO,Observado,Observado_estacion,,,,,2026-10-10T15:55:32+00:00
2026-08-31,21.300,12.800,0.000,16.072,,,,,,,,,,,,,,,,,,,,,14.072,SIGA_INTA_PERGAMINO,Observado,Observado_estacion,,,,,2026-10-10T15:55:32+00:00
2026-09-01,22.800,9.600,0.000,15.139,,,,,,,,,,,,,,,,,,,,,13.139,SIGA_INTA_PERGAMINO,Observado,Observado_estacion,,,,,2026-10-10T15:55:32+00:00
2026-09-02,25.600,8.800,1.000,16.060,,,,,,,,,,,,,,,,,,,,,14.060,SIGA_INTA_PERGAMINO,Observado,Observado_estacion,,,,,2026-10-10T15:55:32+00:00
2026-09-03,20.500,11.400,0.000,15.668,,,,,,,,,,,,,,,,,,,,,13.668,SIGA_INTA_PERGAMINO,Observado,Observado_estacion,,,,,2026-10-10T15:55:32+00:00
2026-09-04,21.900,2.100,0.000,11.632,,,,,,,,,,,,,,,,,,,,,9.632,SIGA_INTA_PERGAMINO,Observado,Observado_estacion,,,,,2026-10-10T15:55:32+00:00
2026-09-05,13.500,3.400,0.000,8.672,,,,,,,,,,,,,,,,,,,,,6.672,SIGA_INTA_PERGAMINO,Observado,Observado_estacion,,,,,2026-10-10T15:55:32+00:00
2026-09-06,12.300,-0.700,0.000,5.914,,,,,,,,,,,,,,,,,,,,,3.914,SIGA_INTA_PERGAMINO,Observado,Observado_estacion,,,,,2026-10-10T15:55:32+00:00
2026-09-07,14.800,-1.700,0.000,6.393,,,,,,,,,,,,,,,,,,,,,4.393,SIGA_INTA_PERGAMINO,Observado,Observado_estacion,,,,,2026-10-10T15:55:32+00:00
2026-09-08,21.100,3.000,0.000,11.149,,,,,,,,,,,,,,,,,,,,,9.149,SIGA_INTA_PERGAMINO,Observado,Observado_estacion,,,,,2026-10-10T15:55:32+00:00
2026-09-09,23.400,7.700,0.000,13.903,,,,,,,,,,,,,,,,,,,,,11.903,SIGA_INTA_PERGAMINO,Observado,Observado_estacion,,,,,2026-10-10T15:55:32+00:00
2026-09-10,24.700,6.300,0.000,14.792,,,,,,,,,,,,,,,,,,,,,12.792,SIGA_INTA_PERGAMINO,Observado,Observado_estacion,,,,,2026-10-10T15:55:32+00:00
2026-09-11,18.600,10.700,2.250,13.652,,,,,,,,,,,,,,,,,,,,,11.652,SIGA_INTA_PERGAMINO,Observado,Observado_estacion,,,,,2026-10-10T15:55:32+00:00
2026-09-12,11.100,6.600,0.000,9.081,,,,,,,,,,,,,,,,,,,,,7.081,SIGA_INTA_PERGAMINO,Observado,Observado_estacion,,,,,2026-10-10T15:55:32+00:00
2026-09-13,13.300,-0.500,0.000,6.272,,,,,,,,,,,,,,,,,,,,,4.272,SIGA_INTA_PERGAMINO,Observado,Observado_estacion,,,,,2026-10-10T15:55:32+00:00
2026-09-14,18.800,1.200,0.000,8.785,,,,,,,,,,,,,,,,,,,,,6.785,SIGA_INTA_PERGAMINO,Observado,Observado_estacion,,,,,2026-10-10T15:55:32+00:00
2026-09-15,23.900,4.700,0.000,13.060,,,,,,,,,,,,,,,,,,,,,11.060,SIGA_INTA_PERGAMINO,Observado,Observado_estacion,,,,,2026-10-10T15:55:32+00:00
2026-09-16,19.400,2.600,0.000,10.763,,,,,,,,,,,,,,,,,,,,,8.763,SIGA_INTA_PERGAMINO,Observado,Observado_estacion,,,,,2026-10-10T15:55:32+00:00
2026-09-17,27.300,8.100,0.000,16.313,,,,,,,,,,,,,,,,,,,,,14.313,SIGA_INTA_PERGAMINO,Observado,Observado_estacion,,,,,2026-10-10T15:55:32+00:00
2026-09-18,24.300,10.000,0.000,16.495,,,,,,,,,,,,,,,,,,,,,14.495,SIGA_INTA_PERGAMINO,Observado,Observado_estacion,,,,,2026-10-10T15:55:32+00:00
2026-09-19,29.700,10.500,0.000,19.452,,,,,,,,,,,,,,,,,,,,,17.452,SIGA_INTA_PERGAMINO,Observado,Observado_estacion,,,,,2026-10-10T15:55:32+00:00
2026-09-20,19.900,11.600,16.000,15.408,,,,,,,,,,,,,,,,,,,,,13.408,SIGA_INTA_PERGAMINO,Observado,Observado_estacion,,,,,2026-10-10T15:55:32+00:00
2026-09-21,17.400,10.000,0.000,13.196,,,,,,,,,,,,,,,,,,,,,11.196,SIGA_INTA_PERGAMINO,Observado,Observado_estacion,,,,,2026-10-10T15:55:32+00:00
2026-09-22,17.600,2.400,0.000,9.695,,,,,,,,,,,,,,,,,,,,,7.695,SIGA_INTA_PERGAMINO,Observado,Observado_estacion,,,,,2026-10-10T15:55:32+00:00
2026-09-23,21.700,4.800,0.000,12.012,,,,,,,,,,,,,,,,,,,,,10.012,SIGA_INTA_PERGAMINO,Observado,Observado_estacion,,,,,2026-10-10T15:55:32+00:00
2026-09-24,27.900,8.400,0.000,17.022,,,,,,,,,,,,,,,,,,,,,15.022,SIGA_INTA_PERGAMINO,Observado,Observado_estacion,,,,,2026-10-10T15:55:32+00:00
2026-09-25,28.300,12.800,0.000,19.771,,,,,,,,,,,,,,,,,,,,,17.771,SIGA_INTA_PERGAMINO,Observado,Observado_estacion,,,,,2026-10-10T15:55:32+00:00
2026-09-26,28.100,12.300,0.000,19.544,,,,,,,,,,,,,,,,,,,,,17.544,SIGA_INTA_PERGAMINO,Observado,Observado_estacion,,,,,2026-10-10T15:55:32+00:00
2026-09-27,20.200,14.400,20.000,16.709,,,,,,,,,,,,,,,,,,,,,14.709,SIGA_INTA_PERGAMINO,Observado,Observado_estacion,,,,,2026-10-10T15:55:32+00:00
2026-09-28,19.200,14.400,4.500,16.288,,,,,,,,,,,,,,,,,,,,,14.288,SIGA_INTA_PERGAMINO,Observado,Observado_estacion,,,,,2026-10-10T15:55:32+00:00
2026-09-29,22.400,12.900,0.000,18.143,,,,,,,,,,,,,,,,,,,,,16.143,SIGA_INTA_PERGAMINO,Observado,Observado_estacion,,,,,2026-10-10T15:55:32+00:00
2026-09-30,22.400,8.700,6.750,14.561,,,,,,,,,,,,,,,,,,,,,12.561,SIGA_INTA_PERGAMINO,Observado,Observado_estacion,,,,,2026-10-10T15:55:32+00:00
2026-10-01,17.800,9.700,0.000,13.063,,,,,,,,,,,,,,,,,,,,,11.063,SIGA_INTA_PERGAMINO,Observado,Observado_estacion,,,,,2026-10-10T15:55:32+00:00
