Inicio_exclusivo,Fecha,Dias_intervalo,Observado_PLM2,EE_repeticiones_PLM2,Sigma_ajuste_PLM2,Base_PLM2_ajuste,Calibrado_PLM2_ajuste,Fraccion_base_intervalo,Fraccion_calibrada_intervalo
2026-04-01,2026-04-13,12,720.0,,72.0,1381.009452366358,489.5257639212771,0.29882921290062525,0.12765127239043084
2026-04-13,2026-04-22,9,424.0,,72.0,217.5120857802258,97.6360073137738,0.04706627118207085,0.025460070711883775
2026-04-22,2026-04-30,8,289.0,,72.0,272.0054337950828,138.30053812665994,0.05885779387418322,0.03606396427990355
2026-04-30,2026-05-07,7,36.0,,72.0,805.2585013609653,633.9814650323931,0.1742455590951293,0.16532028883437666
2026-05-07,2026-05-14,7,76.0,,72.0,182.85103058114598,260.3790006990044,0.039566151739949595,0.06789777615938086
2026-05-14,2026-05-21,7,276.0,,72.0,272.6243374561048,738.144786443093,0.05899171511097678,0.19248245576095246
2026-05-21,2026-06-01,11,577.0,,72.0,43.06827306495719,256.85371732042705,0.00931931212993331,0.06697850501579994
2026-06-01,2026-06-17,16,559.0,,72.0,37.41973108259946,450.7382258008121,0.008097054489529909,0.11753683315375374
2026-06-17,2026-06-25,8,170.0,,72.0,0.2728721810705068,7.378321842447315,5.9045344658614773e-05,0.0019240093999342012
2026-06-25,2026-07-03,8,88.0,,72.0,2.9782823314900817,142.0621735001121,0.0006444545063685192,0.03704486779322147
