Fecha,TMAX,TMIN,Prec,Fuente
2024-01-01,31.4,15.2,0.0,SIGA_INTA_PERGAMINO
2024-01-02,32.7,18.2,0.0,SIGA_INTA_PERGAMINO
2024-01-03,31.8,18.3,0.0,SIGA_INTA_PERGAMINO
2024-01-04,33.2,19.9,0.0,SIGA_INTA_PERGAMINO
2024-01-05,35.0,20.5,0.0,SIGA_INTA_PERGAMINO
2024-01-06,31.8,20.8,0.0,SIGA_INTA_PERGAMINO
2024-01-07,33.8,20.6,20.0,SIGA_INTA_PERGAMINO
2024-01-08,32.3,15.2,0.0,SIGA_INTA_PERGAMINO
2024-01-09,33.3,19.9,0.0,SIGA_INTA_PERGAMINO
2024-01-10,34.5,19.6,0.25,SIGA_INTA_PERGAMINO
2024-01-11,31.1,19.9,0.0,SIGA_INTA_PERGAMINO
2024-01-12,32.3,15.1,16.5,SIGA_INTA_PERGAMINO
2024-01-13,32.8,17.3,0.25,SIGA_INTA_PERGAMINO
2024-01-14,31.6,20.4,0.0,SIGA_INTA_PERGAMINO
2024-01-15,32.9,13.2,19.25,SIGA_INTA_PERGAMINO
2024-01-16,25.0,17.7,3.5,SIGA_INTA_PERGAMINO
2024-01-17,30.4,16.1,0.0,SIGA_INTA_PERGAMINO
2024-01-18,29.7,20.6,0.0,SIGA_INTA_PERGAMINO
2024-01-19,31.2,19.5,0.0,SIGA_INTA_PERGAMINO
2024-01-20,31.0,15.5,0.0,SIGA_INTA_PERGAMINO
2024-01-21,30.1,14.6,0.0,SIGA_INTA_PERGAMINO
2024-01-22,31.4,16.0,0.0,SIGA_INTA_PERGAMINO
2024-01-23,29.9,16.0,0.0,SIGA_INTA_PERGAMINO
2024-01-24,31.0,16.1,0.0,SIGA_INTA_PERGAMINO
2024-01-25,32.2,16.7,0.0,SIGA_INTA_PERGAMINO
2024-01-26,32.2,16.8,0.0,SIGA_INTA_PERGAMINO
2024-01-27,32.5,16.9,0.0,SIGA_INTA_PERGAMINO
2024-01-28,32.5,17.6,0.0,SIGA_INTA_PERGAMINO
2024-01-29,35.2,18.9,0.0,SIGA_INTA_PERGAMINO
2024-01-30,36.1,18.5,0.0,SIGA_INTA_PERGAMINO
2024-01-31,37.7,20.7,0.0,SIGA_INTA_PERGAMINO
2024-02-01,38.9,20.5,0.0,SIGA_INTA_PERGAMINO
2024-02-02,39.0,21.9,0.0,SIGA_INTA_PERGAMINO
2024-02-03,39.7,20.0,0.0,SIGA_INTA_PERGAMINO
2024-02-04,30.6,17.6,0.0,SIGA_INTA_PERGAMINO
2024-02-05,37.9,18.7,0.0,SIGA_INTA_PERGAMINO
2024-02-06,39.6,24.6,0.0,SIGA_INTA_PERGAMINO
2024-02-07,40.4,23.3,0.0,SIGA_INTA_PERGAMINO
2024-02-08,35.5,25.4,18.0,SIGA_INTA_PERGAMINO
2024-02-09,25.7,22.0,17.0,SIGA_INTA_PERGAMINO
2024-02-10,33.9,22.7,0.0,SIGA_INTA_PERGAMINO
2024-02-11,34.1,19.6,35.0,SIGA_INTA_PERGAMINO
2024-02-12,27.6,20.3,2.5,SIGA_INTA_PERGAMINO
2024-02-13,24.5,10.5,0.0,SIGA_INTA_PERGAMINO
2024-02-14,25.8,12.6,0.0,SIGA_INTA_PERGAMINO
2024-02-15,29.5,14.4,0.0,SIGA_INTA_PERGAMINO
2024-02-16,30.5,16.6,0.0,SIGA_INTA_PERGAMINO
2024-02-17,31.9,17.6,0.0,SIGA_INTA_PERGAMINO
2024-02-18,31.3,18.7,0.0,SIGA_INTA_PERGAMINO
2024-02-19,33.1,18.1,0.0,SIGA_INTA_PERGAMINO
2024-02-20,33.6,18.0,0.0,SIGA_INTA_PERGAMINO
2024-02-21,35.5,20.8,0.0,SIGA_INTA_PERGAMINO
2024-02-22,36.1,19.6,21.75,SIGA_INTA_PERGAMINO
2024-02-23,27.0,19.2,0.0,SIGA_INTA_PERGAMINO
2024-02-24,29.4,14.9,0.25,SIGA_INTA_PERGAMINO
2024-02-25,25.1,17.2,16.25,SIGA_INTA_PERGAMINO
2024-02-26,25.2,19.8,1.5,SIGA_INTA_PERGAMINO
2024-02-27,30.1,19.7,0.0,SIGA_INTA_PERGAMINO
2024-02-28,33.2,17.4,0.0,SIGA_INTA_PERGAMINO
2024-02-29,30.9,21.1,0.0,SIGA_INTA_PERGAMINO
2024-03-01,32.4,18.2,26.5,SIGA_INTA_PERGAMINO
2024-03-02,32.9,20.9,25.0,SIGA_INTA_PERGAMINO
2024-03-03,26.4,13.5,0.0,SIGA_INTA_PERGAMINO
2024-03-04,28.7,11.8,0.0,SIGA_INTA_PERGAMINO
2024-03-05,27.9,12.0,0.0,SIGA_INTA_PERGAMINO
2024-03-06,29.6,13.6,0.0,SIGA_INTA_PERGAMINO
2024-03-07,31.3,14.7,0.0,SIGA_INTA_PERGAMINO
2024-03-08,31.9,18.0,2.75,SIGA_INTA_PERGAMINO
2024-03-09,31.5,19.2,0.0,SIGA_INTA_PERGAMINO
2024-03-10,26.3,17.6,6.25,SIGA_INTA_PERGAMINO
2024-03-11,29.9,20.9,0.0,SIGA_INTA_PERGAMINO
2024-03-12,36.3,20.9,10.75,SIGA_INTA_PERGAMINO
2024-03-13,26.8,20.9,37.5,SIGA_INTA_PERGAMINO
2024-03-14,25.4,22.6,2.0,SIGA_INTA_PERGAMINO
2024-03-15,26.4,21.0,17.0,SIGA_INTA_PERGAMINO
2024-03-16,29.8,21.6,27.75,SIGA_INTA_PERGAMINO
2024-03-17,29.8,16.7,0.0,SIGA_INTA_PERGAMINO
2024-03-18,31.9,21.3,0.0,SIGA_INTA_PERGAMINO
2024-03-19,33.0,22.4,0.0,SIGA_INTA_PERGAMINO
2024-03-20,32.2,20.2,6.5,SIGA_INTA_PERGAMINO
2024-03-21,24.4,10.5,0.0,SIGA_INTA_PERGAMINO
2024-03-22,24.5,9.8,0.0,SIGA_INTA_PERGAMINO
2024-03-23,26.8,12.3,0.0,SIGA_INTA_PERGAMINO
2024-03-24,30.8,13.3,0.0,SIGA_INTA_PERGAMINO
2024-03-25,30.8,15.8,0.0,SIGA_INTA_PERGAMINO
2024-03-26,30.1,14.6,0.0,SIGA_INTA_PERGAMINO
2024-03-27,31.4,15.4,0.0,SIGA_INTA_PERGAMINO
2024-03-28,30.8,18.5,0.0,SIGA_INTA_PERGAMINO
2024-03-29,31.6,15.6,0.0,SIGA_INTA_PERGAMINO
2024-03-30,35.9,18.0,0.0,SIGA_INTA_PERGAMINO
2024-03-31,24.0,15.8,0.0,SIGA_INTA_PERGAMINO
2024-04-01,23.2,14.8,0.0,SIGA_INTA_PERGAMINO
2024-04-02,24.0,10.0,8.25,SIGA_INTA_PERGAMINO
2024-04-03,21.6,16.0,7.5,SIGA_INTA_PERGAMINO
2024-04-04,27.7,11.0,0.0,SIGA_INTA_PERGAMINO
2024-04-05,30.4,11.0,0.0,SIGA_INTA_PERGAMINO
2024-04-06,25.1,13.3,0.0,SIGA_INTA_PERGAMINO
2024-04-07,28.3,12.5,0.0,SIGA_INTA_PERGAMINO
2024-04-08,28.4,12.4,0.0,SIGA_INTA_PERGAMINO
2024-04-09,29.0,14.0,0.0,SIGA_INTA_PERGAMINO
2024-04-10,19.4,12.0,0.0,SIGA_INTA_PERGAMINO
2024-04-11,19.9,10.9,0.0,SIGA_INTA_PERGAMINO
2024-04-12,16.6,11.3,10.0,SIGA_INTA_PERGAMINO
2024-04-13,18.8,14.8,14.5,SIGA_INTA_PERGAMINO
2024-04-14,22.8,18.7,58.25,SIGA_INTA_PERGAMINO
2024-04-15,22.0,16.6,16.75,SIGA_INTA_PERGAMINO
2024-04-16,19.9,12.6,0.25,SIGA_INTA_PERGAMINO
2024-04-17,27.8,10.9,0.0,SIGA_INTA_PERGAMINO
2024-04-18,28.7,9.6,0.0,SIGA_INTA_PERGAMINO
2024-04-19,30.5,14.8,0.0,SIGA_INTA_PERGAMINO
2024-04-20,30.5,14.2,0.0,SIGA_INTA_PERGAMINO
2024-04-21,28.1,19.5,0.5,SIGA_INTA_PERGAMINO
2024-04-22,20.9,15.1,0.0,SIGA_INTA_PERGAMINO
2024-04-23,23.1,12.9,0.0,SIGA_INTA_PERGAMINO
2024-04-24,21.5,5.4,0.0,SIGA_INTA_PERGAMINO
2024-04-25,18.3,13.3,3.25,SIGA_INTA_PERGAMINO
2024-04-26,19.9,14.9,1.5,SIGA_INTA_PERGAMINO
2024-04-27,20.3,9.2,0.0,SIGA_INTA_PERGAMINO
2024-04-28,23.0,4.3,0.0,SIGA_INTA_PERGAMINO
2024-04-29,21.2,12.9,0.75,SIGA_INTA_PERGAMINO
2024-04-30,20.9,16.5,0.25,SIGA_INTA_PERGAMINO
2024-05-01,18.1,9.3,0.5,SIGA_INTA_PERGAMINO
2024-05-02,17.7,8.0,0.0,SIGA_INTA_PERGAMINO
2024-05-03,17.8,2.7,0.0,SIGA_INTA_PERGAMINO
2024-05-04,22.6,5.3,0.5,SIGA_INTA_PERGAMINO
2024-05-05,20.7,15.0,3.25,SIGA_INTA_PERGAMINO
2024-05-06,23.2,15.5,0.0,SIGA_INTA_PERGAMINO
2024-05-07,21.2,16.0,0.5,SIGA_INTA_PERGAMINO
2024-05-08,17.8,6.8,0.0,SIGA_INTA_PERGAMINO
2024-05-09,19.2,0.9,0.0,SIGA_INTA_PERGAMINO
2024-05-10,19.2,4.7,0.0,SIGA_INTA_PERGAMINO
2024-05-11,19.7,5.6,0.0,SIGA_INTA_PERGAMINO
2024-05-12,14.4,5.7,0.0,SIGA_INTA_PERGAMINO
2024-05-13,15.4,1.2,0.0,SIGA_INTA_PERGAMINO
2024-05-14,16.8,0.7,0.0,SIGA_INTA_PERGAMINO
2024-05-15,18.5,1.2,0.0,SIGA_INTA_PERGAMINO
2024-05-16,20.8,3.8,0.0,SIGA_INTA_PERGAMINO
2024-05-17,15.5,2.5,0.0,SIGA_INTA_PERGAMINO
2024-05-18,15.8,1.9,0.0,SIGA_INTA_PERGAMINO
2024-05-19,17.0,2.3,0.0,SIGA_INTA_PERGAMINO
2024-05-20,17.7,3.6,0.0,SIGA_INTA_PERGAMINO
2024-05-21,17.1,7.2,0.0,SIGA_INTA_PERGAMINO
2024-05-22,16.4,6.4,0.0,SIGA_INTA_PERGAMINO
2024-05-23,15.5,8.4,2.75,SIGA_INTA_PERGAMINO
2024-05-24,13.5,6.3,0.0,SIGA_INTA_PERGAMINO
2024-05-25,12.6,-0.2,0.0,SIGA_INTA_PERGAMINO
2024-05-26,12.1,-1.9,0.0,SIGA_INTA_PERGAMINO
2024-05-27,13.9,5.2,0.0,SIGA_INTA_PERGAMINO
2024-05-28,16.8,-1.3,0.0,SIGA_INTA_PERGAMINO
2024-05-29,17.7,5.0,0.25,SIGA_INTA_PERGAMINO
2024-05-30,17.0,6.1,0.0,SIGA_INTA_PERGAMINO
2024-05-31,20.3,7.3,0.0,SIGA_INTA_PERGAMINO
2024-06-01,24.2,9.2,0.0,SIGA_INTA_PERGAMINO
2024-06-02,14.2,7.7,0.0,SIGA_INTA_PERGAMINO
2024-06-03,14.2,0.3,0.0,SIGA_INTA_PERGAMINO
2024-06-04,12.2,4.8,0.0,SIGA_INTA_PERGAMINO
2024-06-05,18.2,10.3,0.0,SIGA_INTA_PERGAMINO
2024-06-06,23.3,8.2,0.0,SIGA_INTA_PERGAMINO
2024-06-07,25.9,13.2,0.0,SIGA_INTA_PERGAMINO
2024-06-08,25.2,19.4,0.0,SIGA_INTA_PERGAMINO
2024-06-09,25.0,13.9,0.0,SIGA_INTA_PERGAMINO
2024-06-10,22.3,7.5,0.0,SIGA_INTA_PERGAMINO
2024-06-11,17.5,8.1,0.0,SIGA_INTA_PERGAMINO
2024-06-12,25.6,13.4,0.0,SIGA_INTA_PERGAMINO
2024-06-13,29.6,20.1,0.0,SIGA_INTA_PERGAMINO
2024-06-14,23.5,13.4,0.0,SIGA_INTA_PERGAMINO
2024-06-15,22.6,6.0,0.5,SIGA_INTA_PERGAMINO
2024-06-16,19.9,10.1,0.5,SIGA_INTA_PERGAMINO
2024-06-17,20.5,4.7,0.0,SIGA_INTA_PERGAMINO
2024-06-18,20.5,11.9,0.0,SIGA_INTA_PERGAMINO
2024-06-19,19.5,9.6,0.0,SIGA_INTA_PERGAMINO
2024-06-20,19.2,2.2,0.0,SIGA_INTA_PERGAMINO
2024-06-21,18.0,12.7,0.5,SIGA_INTA_PERGAMINO
2024-06-22,17.6,14.4,0.25,SIGA_INTA_PERGAMINO
2024-06-23,15.4,6.5,0.0,SIGA_INTA_PERGAMINO
2024-06-24,13.2,0.5,0.0,SIGA_INTA_PERGAMINO
2024-06-25,12.1,5.2,0.0,SIGA_INTA_PERGAMINO
2024-06-26,16.2,0.8,0.0,SIGA_INTA_PERGAMINO
2024-06-27,23.4,3.8,0.0,SIGA_INTA_PERGAMINO
2024-06-28,14.3,4.6,0.0,SIGA_INTA_PERGAMINO
2024-06-29,12.2,-2.0,0.0,SIGA_INTA_PERGAMINO
2024-06-30,19.2,-2.0,0.0,SIGA_INTA_PERGAMINO
2024-07-01,21.8,0.8,0.0,SIGA_INTA_PERGAMINO
2024-07-02,24.5,2.0,0.0,SIGA_INTA_PERGAMINO
2024-07-03,14.7,1.2,0.0,SIGA_INTA_PERGAMINO
2024-07-04,14.3,-2.2,0.0,SIGA_INTA_PERGAMINO
2024-07-05,13.4,-5.3,0.0,SIGA_INTA_PERGAMINO
2024-07-06,9.6,-6.4,0.0,SIGA_INTA_PERGAMINO
2024-07-07,12.1,1.9,0.0,SIGA_INTA_PERGAMINO
2024-07-08,10.9,-3.7,0.0,SIGA_INTA_PERGAMINO
2024-07-09,10.3,-4.2,0.0,SIGA_INTA_PERGAMINO
2024-07-10,12.4,-6.8,0.0,SIGA_INTA_PERGAMINO
2024-07-11,14.9,-2.9,0.0,SIGA_INTA_PERGAMINO
2024-07-12,16.5,-4.2,0.0,SIGA_INTA_PERGAMINO
2024-07-13,15.7,-1.1,0.0,SIGA_INTA_PERGAMINO
2024-07-14,15.2,-2.1,0.0,SIGA_INTA_PERGAMINO
2024-07-15,16.8,3.3,0.0,SIGA_INTA_PERGAMINO
2024-07-16,18.8,4.4,0.0,SIGA_INTA_PERGAMINO
2024-07-17,20.4,1.5,0.0,SIGA_INTA_PERGAMINO
2024-07-18,22.6,5.2,0.0,SIGA_INTA_PERGAMINO
2024-07-19,16.0,10.0,0.0,SIGA_INTA_PERGAMINO
2024-07-20,11.0,6.9,0.5,SIGA_INTA_PERGAMINO
2024-07-21,12.1,8.2,0.0,SIGA_INTA_PERGAMINO
2024-07-22,19.8,8.6,0.0,SIGA_INTA_PERGAMINO
2024-07-23,19.1,8.4,0.0,SIGA_INTA_PERGAMINO
2024-07-24,25.6,12.0,0.0,SIGA_INTA_PERGAMINO
2024-07-25,28.0,3.5,0.0,SIGA_INTA_PERGAMINO
2024-07-26,23.9,6.1,0.0,SIGA_INTA_PERGAMINO
2024-07-27,22.0,4.2,0.0,SIGA_INTA_PERGAMINO
2024-07-28,16.6,2.1,0.0,SIGA_INTA_PERGAMINO
2024-07-29,14.8,-1.6,0.0,SIGA_INTA_PERGAMINO
2024-07-30,16.5,-0.8,0.0,SIGA_INTA_PERGAMINO
2024-07-31,18.7,6.4,0.75,SIGA_INTA_PERGAMINO
2024-08-01,25.8,15.9,0.0,SIGA_INTA_PERGAMINO
2024-08-02,32.6,19.2,25.5,SIGA_INTA_PERGAMINO
2024-08-03,23.7,11.9,0.0,SIGA_INTA_PERGAMINO
2024-08-04,19.9,5.8,0.0,SIGA_INTA_PERGAMINO
2024-08-05,15.4,6.2,0.0,SIGA_INTA_PERGAMINO
2024-08-06,18.5,11.1,0.5,SIGA_INTA_PERGAMINO
2024-08-07,16.3,2.2,0.5,SIGA_INTA_PERGAMINO
2024-08-08,8.7,4.2,1.75,SIGA_INTA_PERGAMINO
2024-08-09,13.7,-0.8,0.0,SIGA_INTA_PERGAMINO
2024-08-10,21.1,0.1,0.0,SIGA_INTA_PERGAMINO
2024-08-11,17.1,4.7,0.0,SIGA_INTA_PERGAMINO
2024-08-12,17.7,-2.0,0.0,SIGA_INTA_PERGAMINO
2024-08-13,21.6,2.3,0.0,SIGA_INTA_PERGAMINO
2024-08-14,23.6,3.4,0.0,SIGA_INTA_PERGAMINO
2024-08-15,23.8,5.3,0.0,SIGA_INTA_PERGAMINO
2024-08-16,16.0,7.3,0.0,SIGA_INTA_PERGAMINO
2024-08-17,18.4,4.9,0.0,SIGA_INTA_PERGAMINO
2024-08-18,16.0,6.3,0.0,SIGA_INTA_PERGAMINO
2024-08-19,13.4,10.6,0.0,SIGA_INTA_PERGAMINO
2024-08-20,11.7,5.8,1.0,SIGA_INTA_PERGAMINO
2024-08-21,10.9,8.2,0.5,SIGA_INTA_PERGAMINO
2024-08-22,9.4,6.2,0.25,SIGA_INTA_PERGAMINO
2024-08-23,14.3,-2.0,0.0,SIGA_INTA_PERGAMINO
2024-08-24,13.5,2.9,3.75,SIGA_INTA_PERGAMINO
2024-08-25,16.9,-0.7,0.0,SIGA_INTA_PERGAMINO
2024-08-26,17.5,2.2,0.0,SIGA_INTA_PERGAMINO
2024-08-27,21.6,3.2,0.0,SIGA_INTA_PERGAMINO
2024-08-28,21.8,3.6,0.0,SIGA_INTA_PERGAMINO
2024-08-29,21.9,5.2,0.0,SIGA_INTA_PERGAMINO
2024-08-30,12.3,8.2,3.0,SIGA_INTA_PERGAMINO
2024-08-31,12.2,7.8,1.0,SIGA_INTA_PERGAMINO
2024-09-01,17.9,3.7,0.5,SIGA_INTA_PERGAMINO
2024-09-02,23.1,7.5,0.0,SIGA_INTA_PERGAMINO
2024-09-03,20.4,10.7,0.0,SIGA_INTA_PERGAMINO
2024-09-04,22.8,4.7,0.0,SIGA_INTA_PERGAMINO
2024-09-05,21.2,2.7,0.0,SIGA_INTA_PERGAMINO
2024-09-06,24.7,6.8,0.0,SIGA_INTA_PERGAMINO
2024-09-07,25.6,6.5,0.0,SIGA_INTA_PERGAMINO
2024-09-08,25.6,8.4,0.0,SIGA_INTA_PERGAMINO
2024-09-09,23.7,7.5,0.0,SIGA_INTA_PERGAMINO
2024-09-10,22.4,11.6,0.0,SIGA_INTA_PERGAMINO
2024-09-11,21.7,11.2,0.0,SIGA_INTA_PERGAMINO
2024-09-12,22.6,4.1,0.0,SIGA_INTA_PERGAMINO
2024-09-13,21.1,6.7,0.0,SIGA_INTA_PERGAMINO
2024-09-14,22.2,3.0,0.0,SIGA_INTA_PERGAMINO
2024-09-15,24.2,4.8,0.0,SIGA_INTA_PERGAMINO
2024-09-16,28.4,6.6,0.0,SIGA_INTA_PERGAMINO
2024-09-17,26.8,9.0,0.0,SIGA_INTA_PERGAMINO
2024-09-18,30.8,13.6,0.0,SIGA_INTA_PERGAMINO
2024-09-19,32.0,15.4,1.25,SIGA_INTA_PERGAMINO
2024-09-20,25.9,7.9,0.0,SIGA_INTA_PERGAMINO
2024-09-21,28.7,11.4,0.0,SIGA_INTA_PERGAMINO
2024-09-22,25.9,15.6,0.0,SIGA_INTA_PERGAMINO
2024-09-23,24.9,11.3,0.0,SIGA_INTA_PERGAMINO
2024-09-24,26.0,8.3,0.0,SIGA_INTA_PERGAMINO
2024-09-25,20.4,9.5,0.0,SIGA_INTA_PERGAMINO
2024-09-26,22.5,6.5,0.0,SIGA_INTA_PERGAMINO
2024-09-27,25.2,5.1,0.0,SIGA_INTA_PERGAMINO
2024-09-28,28.8,8.6,0.0,SIGA_INTA_PERGAMINO
2024-09-29,33.8,13.2,0.0,SIGA_INTA_PERGAMINO
2024-09-30,37.1,16.9,0.0,SIGA_INTA_PERGAMINO
2024-10-01,26.1,10.8,0.0,SIGA_INTA_PERGAMINO
2024-10-02,22.2,7.0,0.0,SIGA_INTA_PERGAMINO
2024-10-03,23.7,4.3,0.0,SIGA_INTA_PERGAMINO
2024-10-04,26.6,7.0,0.0,SIGA_INTA_PERGAMINO
2024-10-05,29.7,8.9,0.0,SIGA_INTA_PERGAMINO
2024-10-06,27.2,12.9,0.0,SIGA_INTA_PERGAMINO
2024-10-07,20.9,15.3,1.75,SIGA_INTA_PERGAMINO
2024-10-08,27.1,13.9,1.0,SIGA_INTA_PERGAMINO
2024-10-09,23.8,9.8,0.0,SIGA_INTA_PERGAMINO
2024-10-10,27.2,10.1,0.0,SIGA_INTA_PERGAMINO
2024-10-11,31.9,10.4,1.25,SIGA_INTA_PERGAMINO
2024-10-12,21.5,13.6,2.25,SIGA_INTA_PERGAMINO
2024-10-13,17.9,14.6,1.25,SIGA_INTA_PERGAMINO
2024-10-14,18.2,13.2,1.0,SIGA_INTA_PERGAMINO
2024-10-15,28.1,14.4,0.75,SIGA_INTA_PERGAMINO
2024-10-16,28.4,14.2,1.0,SIGA_INTA_PERGAMINO
2024-10-17,22.7,15.4,0.5,SIGA_INTA_PERGAMINO
2024-10-18,29.0,13.8,0.5,SIGA_INTA_PERGAMINO
2024-10-19,29.6,13.8,0.25,SIGA_INTA_PERGAMINO
2024-10-20,32.0,14.7,0.0,SIGA_INTA_PERGAMINO
2024-10-21,34.9,20.1,0.0,SIGA_INTA_PERGAMINO
2024-10-22,33.1,21.1,1.0,SIGA_INTA_PERGAMINO
2024-10-23,21.9,16.8,1.0,SIGA_INTA_PERGAMINO
2024-10-24,25.4,14.5,0.5,SIGA_INTA_PERGAMINO
2024-10-25,19.0,13.4,0.25,SIGA_INTA_PERGAMINO
2024-10-26,27.8,7.8,0.25,SIGA_INTA_PERGAMINO
2024-10-27,29.4,10.7,0.0,SIGA_INTA_PERGAMINO
2024-10-28,31.4,12.4,0.0,SIGA_INTA_PERGAMINO
2024-10-29,32.7,15.1,0.0,SIGA_INTA_PERGAMINO
2024-10-30,33.3,14.4,0.0,SIGA_INTA_PERGAMINO
2024-10-31,31.8,17.4,0.0,SIGA_INTA_PERGAMINO
2024-11-01,34.6,17.7,0.0,SIGA_INTA_PERGAMINO
2024-11-02,26.0,16.5,0.0,SIGA_INTA_PERGAMINO
2024-11-03,28.9,12.1,1.5,SIGA_INTA_PERGAMINO
2024-11-04,24.5,14.9,24.75,SIGA_INTA_PERGAMINO
2024-11-05,27.2,10.7,0.0,SIGA_INTA_PERGAMINO
2024-11-06,29.9,12.4,0.0,SIGA_INTA_PERGAMINO
2024-11-07,26.6,14.9,0.0,SIGA_INTA_PERGAMINO
2024-11-08,28.5,12.8,0.0,SIGA_INTA_PERGAMINO
2024-11-09,31.5,12.5,0.0,SIGA_INTA_PERGAMINO
2024-11-10,32.7,16.5,19.75,SIGA_INTA_PERGAMINO
2024-11-11,22.7,13.8,0.0,SIGA_INTA_PERGAMINO
2024-11-12,28.3,8.4,0.0,SIGA_INTA_PERGAMINO
2024-11-13,30.2,10.5,0.0,SIGA_INTA_PERGAMINO
2024-11-14,34.5,13.3,0.0,SIGA_INTA_PERGAMINO
2024-11-15,34.9,17.2,0.0,SIGA_INTA_PERGAMINO
2024-11-16,36.7,16.8,0.75,SIGA_INTA_PERGAMINO
2024-11-17,27.8,15.5,3.0,SIGA_INTA_PERGAMINO
2024-11-18,26.6,9.6,0.0,SIGA_INTA_PERGAMINO
2024-11-19,23.4,11.4,0.0,SIGA_INTA_PERGAMINO
2024-11-20,29.5,12.9,0.0,SIGA_INTA_PERGAMINO
2024-11-21,28.4,16.3,0.0,SIGA_INTA_PERGAMINO
2024-11-22,31.5,15.4,0.0,SIGA_INTA_PERGAMINO
2024-11-23,31.6,16.6,0.0,SIGA_INTA_PERGAMINO
2024-11-24,35.2,17.0,11.25,SIGA_INTA_PERGAMINO
2024-11-25,29.0,21.2,0.0,SIGA_INTA_PERGAMINO
2024-11-26,31.1,19.8,1.0,SIGA_INTA_PERGAMINO
2024-11-27,26.8,21.0,4.75,SIGA_INTA_PERGAMINO
2024-11-28,27.9,15.5,0.0,SIGA_INTA_PERGAMINO
2024-11-29,30.5,17.9,0.0,SIGA_INTA_PERGAMINO
2024-11-30,27.9,14.0,3.0,SIGA_INTA_PERGAMINO
2024-12-01,27.0,17.7,1.25,SIGA_INTA_PERGAMINO
2024-12-02,26.2,9.2,0.0,SIGA_INTA_PERGAMINO
2024-12-03,28.5,6.7,0.0,SIGA_INTA_PERGAMINO
2024-12-04,31.5,11.3,0.0,SIGA_INTA_PERGAMINO
2024-12-05,35.1,15.3,10.0,SIGA_INTA_PERGAMINO
2024-12-06,30.1,16.7,0.0,SIGA_INTA_PERGAMINO
2024-12-07,23.5,13.1,0.0,SIGA_INTA_PERGAMINO
2024-12-08,25.4,10.0,0.0,SIGA_INTA_PERGAMINO
2024-12-09,28.8,12.3,0.0,SIGA_INTA_PERGAMINO
2024-12-10,33.5,13.3,0.0,SIGA_INTA_PERGAMINO
2024-12-11,33.7,14.8,0.0,SIGA_INTA_PERGAMINO
2024-12-12,36.0,17.8,0.0,SIGA_INTA_PERGAMINO
2024-12-13,32.2,18.0,0.0,SIGA_INTA_PERGAMINO
2024-12-14,33.4,15.9,7.25,SIGA_INTA_PERGAMINO
2024-12-15,30.1,14.3,0.0,SIGA_INTA_PERGAMINO
2024-12-16,31.2,13.8,0.0,SIGA_INTA_PERGAMINO
2024-12-17,32.8,14.8,0.0,SIGA_INTA_PERGAMINO
2024-12-18,27.8,17.7,0.0,SIGA_INTA_PERGAMINO
2024-12-19,34.6,17.4,1.75,SIGA_INTA_PERGAMINO
2024-12-20,28.9,18.1,0.0,SIGA_INTA_PERGAMINO
2024-12-21,25.8,15.5,0.0,SIGA_INTA_PERGAMINO
2024-12-22,31.2,11.0,0.0,SIGA_INTA_PERGAMINO
2024-12-23,33.5,13.5,5.5,SIGA_INTA_PERGAMINO
2024-12-24,29.9,16.2,0.0,SIGA_INTA_PERGAMINO
2024-12-25,27.3,12.6,0.0,SIGA_INTA_PERGAMINO
2024-12-26,28.7,12.1,0.0,SIGA_INTA_PERGAMINO
2024-12-27,32.0,14.0,0.0,SIGA_INTA_PERGAMINO
2024-12-28,34.6,15.1,0.0,SIGA_INTA_PERGAMINO
2024-12-29,33.4,14.8,0.0,SIGA_INTA_PERGAMINO
2024-12-30,32.6,18.2,0.0,SIGA_INTA_PERGAMINO
2024-12-31,34.4,17.3,0.0,SIGA_INTA_PERGAMINO
